"POI_INDEX","URL","POI_RAW_NAME","POI_CHINESE_NAME","TOTAL_REVIEWS","POI_CHINESE_NAME_IS_ENGLISH","POI_NAME","POI_CHINESE_NAME_TRANSLATED","POI_NAME_IS_TRANSLATED","WEBSITE_INDEX"
0,"https://www.mafengwo.cn/poi/5422487.html","Gardens by the Bay","新加坡滨海湾花园","2018",NA,"Gardens by the Bay","Gardens by the Bay, Singapore",0,3
1,"https://www.mafengwo.cn/poi/10462.html","Singapore Zoo","新加坡动物园","1349",NA,"Singapore Zoo","Singapore Zoo",0,3
2,"https://www.mafengwo.cn/poi/10460.html","Chinatown","牛车水","1957",NA,"Chinatown","Chinatown",0,3
3,"https://www.mafengwo.cn/poi/11057.html","Orchard Road","乌节路","1558",NA,"Orchard Road","WuJie Road",0,3
4,"https://www.mafengwo.cn/poi/10459.html","Little India","小印度","1800",NA,"Little India","Little India",0,3
5,"https://www.mafengwo.cn/poi/10962.html","Clarke Quay","克拉码头","1661",NA,"Clarke Quay","Clarke Quay",0,3
6,"https://www.mafengwo.cn/poi/22851.html","Merlion Park","鱼尾狮公园","3139",NA,"Merlion Park","Merlion Park",0,3
7,"https://www.mafengwo.cn/poi/6018015.html","Marina Bay","滨海湾","1179",NA,"Marina Bay","Marina bay",0,3
8,"https://www.mafengwo.cn/poi/10852.html","Singapore Botanic Gardens","新加坡植物园","642",NA,"Singapore Botanic Gardens","Singapore Botanical Garden",0,3
9,"https://www.mafengwo.cn/poi/7382073.html","S.E.A. Aquarium","S.E.A. 海洋馆","1271",NA,"S.E.A. Aquarium","SEA Aquarium",0,3
10,"https://www.mafengwo.cn/poi/10785.html","Sentosa","圣淘沙岛","2135",NA,"Sentosa","Sentosa Island",0,3
11,"https://www.mafengwo.cn/poi/5423106.html","Candylicious","Candylicious(圣淘沙店)","760",NA,"Candylicious","Candylicious, Sentosa Branch",0,3
12,"https://www.mafengwo.cn/poi/10469.html","Palawan Beach","巴拉湾海滩","346",NA,"Palawan Beach","Bara Bay Beach",0,3
13,"https://www.mafengwo.cn/poi/10982.html","Universal Studios Singapore","新加坡环球影城","3719",NA,"Universal Studios Singapore","Universal Studios Singapore",0,3
14,"https://www.mafengwo.cn/poi/10463.html","Night Safari","夜间野生动物园","1074",NA,"Night Safari","Night safari",0,3
15,"https://www.mafengwo.cn/poi/10916.html","St. Andrew's Cathedral","圣安德烈教堂","668",NA,"St. Andrew's Cathedral","St. Andrew&#39;s Church",0,3
16,"https://www.mafengwo.cn/poi/11010.html","National Museum of Singapore","新加坡国家博物馆","383",NA,"National Museum of Singapore","National Museum of Singapore",0,3
17,"https://www.mafengwo.cn/poi/92941.html","Kampong Glam","甘榜格南","183",NA,"Kampong Glam","Kampong glam",0,3
18,"https://www.mafengwo.cn/poi/11018.html","National Gallery Singapore","新加坡国家美术馆","213",NA,"National Gallery Singapore","National Gallery of Singapore",0,3
19,"https://www.mafengwo.cn/poi/11053.html","ArtScience Museum","滨海湾金沙艺术科学博物馆","206",NA,"ArtScience Museum","Marina Bay Sands Museum of Art and Science",0,3
20,"https://www.mafengwo.cn/poi/20891.html","National University of Singapore","新加坡国立大学","188",NA,"National University of Singapore","National University of Singapore",0,3
21,"https://www.mafengwo.cn/poi/5978902.html","Resorts World Sentosa","圣淘沙名胜世界","304",NA,"Resorts World Sentosa","Resorts World Sentosa",0,3
22,"https://www.mafengwo.cn/poi/185999.html","Helix Bridge","双螺旋桥","468",NA,"Helix Bridge","Double helix bridge",0,3
23,"https://www.mafengwo.cn/poi/29278354.html","Cloud Forest","云雾林","235",NA,"Cloud Forest","Cloud forest",0,3
24,"https://www.mafengwo.cn/poi/20711.html","EsplanadeTheatres on the Bay","滨海艺术中心音乐厅","433",NA,"EsplanadeTheatres on the Bay","Esplanade Concert Hall",0,3
25,"https://www.mafengwo.cn/poi/207193.html","Masjid Sultan","苏丹回教堂","332",NA,"Masjid Sultan","Sultan mosque",0,3
26,"https://www.mafengwo.cn/poi/5542921.html","1-Altitude","1-Altitude 画廊与酒吧 （1-Altitude)","23",NA,"1-Altitude","1-Altitude Gallery and Bar (1-Altitude)",0,3
27,"https://www.mafengwo.cn/poi/186337.html","Sri Mariamman Temple","马里安曼兴都庙","605",NA,"Sri Mariamman Temple","Mariamman Hindu Temple",0,3
28,"https://www.mafengwo.cn/poi/7007293.html","River Safari","河川生态园","165",NA,"River Safari","River Ecological Park",0,3
29,"https://www.mafengwo.cn/poi/8475036.html","The Southern Most Point of Continental Asia","亚洲大陆最南端","171",NA,"The Southern Most Point of Continental Asia","Southernmost tip of the Asian continent",0,3
30,"https://www.mafengwo.cn/poi/10935.html","Buddha Tooth Relic Temple and Museum","佛牙寺龙华院博物馆","344",NA,"Buddha Tooth Relic Temple and Museum","Buddha Tooth Relic Temple Longhuayuan Museum",0,3
31,"https://www.mafengwo.cn/poi/186284.html","Science Centre Singapore","新加坡科学中心","70",NA,"Science Centre Singapore","Singapore Science Centre",0,3
32,"https://www.mafengwo.cn/poi/11103.html","Jurong Bird Park","裕廊飞禽公园","294",NA,"Jurong Bird Park","Jurong Bird Park",0,3
33,"https://www.mafengwo.cn/poi/7928187.html",NA,"鱼尾狮塔","429",NA,"Merlion Tower","Merlion Tower",1,3
34,"https://www.mafengwo.cn/poi/10857.html","Singapore Flyer","新加坡摩天观景轮","1600",NA,"Singapore Flyer","Singapore Flyer",0,3
35,"https://www.mafengwo.cn/poi/8536262.html","Sands Sky Park","金沙天空公园","204",NA,"Sands Sky Park","Sands Sky Park",0,3
36,"https://www.mafengwo.cn/poi/20900.html","Haji Lane","哈芝巷","605",NA,"Haji Lane","Haji Lane",0,3
37,"https://www.mafengwo.cn/poi/11019.html","Chijmes","赞美广场","152",NA,"Chijmes","Praise Square",0,3
38,"https://www.mafengwo.cn/poi/186248.html","Nanyang Technological University","新加坡南洋理工大学","156",NA,"Nanyang Technological University","Nanyang Technological University, Singapore",0,3
39,"https://www.mafengwo.cn/poi/29278350.html","Flower Dome","花穹","174",NA,"Flower Dome","Flower dome",0,3
40,"https://www.mafengwo.cn/poi/8546354.html","Dolphin Island","海豚园","91",NA,"Dolphin Island","Dolphin Garden",0,3
41,"https://www.mafengwo.cn/poi/20883.html","Old Hill Street Police Station","旧禧街警察局","191",NA,"Old Hill Street Police Station","Old Jubilee Street Police Station",0,3
42,"https://www.mafengwo.cn/poi/10940.html","Singapore River","新加坡河","526",NA,"Singapore River","Singapore River",0,3
43,"https://www.mafengwo.cn/poi/6042413.html","Bugis Street","武吉士街","192",NA,"Bugis Street","Bugis Street",0,3
44,"https://www.mafengwo.cn/poi/34939164.html",NA,"滨海湾金沙无边泳池","54",NA,"Marina Bay Sands Infinity Pool","Marina Bay Sands Infinity Pool",1,3
45,"https://www.mafengwo.cn/poi/7399344.html","Mount Faber Park","花柏山公园","221",NA,"Mount Faber Park","Faber Park",0,3
46,"https://www.mafengwo.cn/poi/11002.html","East Coast Park","东海岸公园","176",NA,"East Coast Park","East Coast Park",0,3
47,"https://www.mafengwo.cn/poi/11036.html","Siloso Beach","西乐索海滩","216",NA,"Siloso Beach","Siloso Beach",0,3
48,"https://www.mafengwo.cn/poi/10985.html","National Orchid Garden","国立胡姬花园","128",NA,"National Orchid Garden","National Orchid Garden",0,3
49,"https://www.mafengwo.cn/poi/11029.html","Asian Civilisations Museum","亚洲文明博物馆","61",NA,"Asian Civilisations Museum","Asian Civilisations Museum",0,3
50,"https://www.mafengwo.cn/poi/33182972.html","Supertree Grove","擎天大树林","67",NA,"Supertree Grove","Great Forest",0,3
51,"https://www.mafengwo.cn/poi/11098.html","Pulau Ubin","乌敏岛","82",NA,"Pulau Ubin","Umin Island",0,3
52,"https://www.mafengwo.cn/poi/186035.html","The Maritime Experiential Museum","海事博物馆","116",NA,"The Maritime Experiential Museum","Maritime Museum",0,3
53,"https://www.mafengwo.cn/poi/34030324.html",NA,"空中走廊","61",NA,"Sky corridor","Sky corridor",1,3
54,"https://www.mafengwo.cn/poi/10929.html","Chinatown Heritage Centre","牛车水原貌馆","107",NA,"Chinatown Heritage Centre","Chinatown Heritage Center",0,3
55,"https://www.mafengwo.cn/poi/5423020.html","Red Dot Design Museum","新加坡红点设计博物馆","104",NA,"Red Dot Design Museum","Singapore Red Dot Design Museum",0,3
56,"https://www.mafengwo.cn/poi/5424263.html","Fort Canning Park","福康宁公园","79",NA,"Fort Canning Park","Fort Canning Park",0,3
57,"https://www.mafengwo.cn/poi/186331.html","Mint Museum of Toys","新加坡玩具博物館","50",NA,"Mint Museum of Toys","Singapore Toy Museum",0,3
58,"https://www.mafengwo.cn/poi/8079155.html","Sentosa Boardwalk","跨海步行道","132",NA,"Sentosa Boardwalk","Cross-sea walk",0,3
59,"https://www.mafengwo.cn/poi/10955.html","Henderson Waves","亨德森波浪桥","70",NA,"Henderson Waves","Henderson Wave Bridge",0,3
60,"https://www.mafengwo.cn/poi/22040.html","Wild Wild Wet @ Downtown East","Wild Wild Wet水上乐园","32",NA,"Wild Wild Wet @ Downtown East","Wild Wild Wet",0,3
61,"https://www.mafengwo.cn/poi/11017.html","Istana","新加坡总统府","85",NA,"Istana","Singapore Presidential Palace",0,3
62,"https://www.mafengwo.cn/poi/10920.html","Sri Veeramakaliamman Temple","斯里-维拉玛卡里雅曼兴都庙","114",NA,"Sri Veeramakaliamman Temple","Sri-Villamakaliamman Temple",0,3
63,"https://www.mafengwo.cn/poi/7646143.html","The Southern Ridges","南部山脊","13",NA,"The Southern Ridges","Southern ridge",0,3
64,"https://www.mafengwo.cn/poi/11013.html","Victoria Theatre & Victoria Concert Hall","新加坡维多利亚剧院","42",NA,"Victoria Theatre & Victoria Concert Hall","Victoria Theatre Singapore",0,3
65,"https://www.mafengwo.cn/poi/20705.html","National Library of Singapore","新加坡国家图书馆","62",NA,"National Library of Singapore","National Library of Singapore",0,3
66,"https://www.mafengwo.cn/poi/6030466.html","Ann Siang Hill","安详山","60",NA,"Ann Siang Hill","Anshan",0,3
67,"https://www.mafengwo.cn/poi/11067.html","Anderson Bridge","安德逊桥","113",NA,"Anderson Bridge","Anderson bridge",0,3
68,"https://www.mafengwo.cn/poi/92950.html","Old Art House at the Old Parliament","旧议会大厦","37",NA,"Old Art House at the Old Parliament","Old parliament building",0,3
69,"https://www.mafengwo.cn/poi/20885.html","Singapore Philatelic Museum","新加坡集邮馆","105",NA,"Singapore Philatelic Museum","Singapore Philatelic Museum",0,3
70,"https://www.mafengwo.cn/poi/10470.html","Butterfly Park and Insect Kingdom","蝴蝶园与昆虫王国","26",NA,"Butterfly Park and Insect Kingdom","Butterfly Garden and Insect Kingdom",0,3
71,"https://www.mafengwo.cn/poi/20878.html","City Hall","新加坡市政厅","66",NA,"City Hall","Singapore City Hall",0,3
72,"https://www.mafengwo.cn/poi/6023414.html","MacRitchie Reservoir","麦里芝水库","31",NA,"MacRitchie Reservoir","Macridge res.",0,3
73,"https://www.mafengwo.cn/poi/13269069.html","Trick Eye Museum Singapore","新加坡特丽爱3D美术馆","20",NA,"Trick Eye Museum Singapore","Trick Eye Museum Singapore",0,3
74,"https://www.mafengwo.cn/poi/5422431.html","Chinese Garden","裕华园","28",NA,"Chinese Garden","Yuhuayuan",0,3
75,"https://www.mafengwo.cn/poi/186307.html","Peranakan Museum","土生华人博物馆","47",NA,"Peranakan Museum","Peranakan Museum",0,3
76,"https://www.mafengwo.cn/poi/6017931.html","Esplanade Park","滨海公园","35",NA,"Esplanade Park","Seaside park",0,3
77,"https://www.mafengwo.cn/poi/9961383.html","Garden Rhapsody","花园狂想曲 （Garden Rhapsody）","32",NA,"Garden Rhapsody","Garden Rhapsody",0,3
78,"https://www.mafengwo.cn/poi/6034033.html","Lake of Dreams","圣淘沙梦之湖","28",NA,"Lake of Dreams","Lake of Dreams, Sentosa",0,3
79,"https://www.mafengwo.cn/poi/5422949.html","Abdul Gaffoor Mosque","阿都卡夫清真寺","18",NA,"Abdul Gaffoor Mosque","Abdul Kaf Mosque",0,3
80,"https://www.mafengwo.cn/poi/6027825.html","Singapore City Gallery","新加坡城市规划展览馆","27",NA,"Singapore City Gallery","Singapore Urban Planning Exhibition Hall",0,3
81,"https://www.mafengwo.cn/poi/69409596.html","Art Science Museum","科学艺术博物馆","10",NA,"Art Science Museum","Museum of Science and Art",0,3
82,"https://www.mafengwo.cn/poi/5422419.html","Lasalle College of the Arts","拉萨尔设计学院","19",NA,"Lasalle College of the Arts","LaSalle Design Institute",0,3
83,"https://www.mafengwo.cn/poi/33799196.html","ION SKY","ION观景台","12",NA,"ION SKY","ION observation deck",0,3
84,"https://www.mafengwo.cn/poi/59242092.html","Revenge of the Mummy","木乃伊复仇记","32",NA,"Revenge of the Mummy","Mummy&#39;s Revenge",0,3
85,"https://www.mafengwo.cn/poi/11034.html","Tanjong Beach","丹戎海滩","34",NA,"Tanjong Beach","Tanjong Beach",0,3
86,"https://www.mafengwo.cn/poi/69409588.html",NA,"新加坡芽笼","10",NA,"Singapore Geylang","Singapore Geylang",1,3
87,"https://www.mafengwo.cn/poi/11011.html","Armenian Church","亚美尼亚教堂","38",NA,"Armenian Church","Armenian church",0,3
88,"https://www.mafengwo.cn/poi/34061732.html","Sentosa Beach","圣淘沙海滩","19",NA,"Sentosa Beach","Sentosa beach",0,3
89,"https://www.mafengwo.cn/poi/185989.html","Malay Heritage Centre","马来传统文化馆","33",NA,"Malay Heritage Centre","Malay Traditional Culture Museum",0,3
90,"https://www.mafengwo.cn/poi/74047984.html","Jewel Changi Airport","星耀樟宜","5",NA,"Jewel Changi Airport","Starlight Changi",0,3
91,"https://www.mafengwo.cn/poi/10936.html","Sungei Buloh Wetland Reserve","双溪布洛湿地保护区","16",NA,"Sungei Buloh Wetland Reserve","Sungei Buloh Wetland Reserve",0,3
92,"https://www.mafengwo.cn/poi/6018050.html","Civil Defence Heritage Gallery","消防博物馆","28",NA,"Civil Defence Heritage Gallery","Fire museum",0,3
93,"https://www.mafengwo.cn/poi/6018002.html","Jamae Mosque","詹美回教堂","41",NA,"Jamae Mosque","Jamey Mosque",0,3
94,"https://www.mafengwo.cn/poi/7645710.html","Thian Hock Keng Temple Mural","天福宫","21",NA,"Thian Hock Keng Temple Mural","Tianfu Temple",0,3
95,"https://www.mafengwo.cn/poi/20879.html","Old Supreme Court Building","旧高等法院","28",NA,"Old Supreme Court Building","Old high court",0,3
96,"https://www.mafengwo.cn/poi/5422958.html","Arab Street","亚拉街","21",NA,"Arab Street","Yarra Street",0,3
97,"https://www.mafengwo.cn/poi/6027819.html","House of Tan Teng Niah","陈东龄故居","37",NA,"House of Tan Teng Niah","Chen Dongling&#39;s Former Residence",0,3
98,"https://www.mafengwo.cn/poi/15528342.html","Madame Tussauds Singapore","新加坡杜莎夫人蜡像馆","16",NA,"Madame Tussauds Singapore","Madame Tussauds Singapore",0,3
99,"https://www.mafengwo.cn/poi/10971.html","Civilian War Memorial","平民战争纪念碑","47",NA,"Civilian War Memorial","Civil War Memorial",0,3
100,"https://www.mafengwo.cn/poi/11037.html","Fort Siloso","西罗索炮台","20",NA,"Fort Siloso","Siloso Battery",0,3
101,"https://www.mafengwo.cn/poi/10859.html","Fountain of Wealth","财富之源广场","53",NA,"Fountain of Wealth","Source of Wealth Square",0,3
102,"https://www.mafengwo.cn/poi/5422499.html","MacRitchie Reservoir","麦里芝蓄水池公园","20",NA,"MacRitchie Reservoir","MacRitchie Reservoir Park",0,3
103,"https://www.mafengwo.cn/poi/20903.html","Marina Barrage","滨海堤坝","24",NA,"Marina Barrage","Marina dike",0,3
104,"https://www.mafengwo.cn/poi/10915.html","Cavenagh Bridge","加纳文桥","90",NA,"Cavenagh Bridge","Ganaven bridge",0,3
105,"https://www.mafengwo.cn/poi/10995.html","Kwan Im Thong Hood Cho Temple","四马路观音堂","52",NA,"Kwan Im Thong Hood Cho Temple","Guanyin Hall",0,3
106,"https://www.mafengwo.cn/poi/5426166.html","Port of Lost Wonder","奇幻乐园","12",NA,"Port of Lost Wonder","Fantasyland",0,3
107,"https://www.mafengwo.cn/poi/6033958.html",NA,"丹戎巴葛保留区","16",NA,"Tanjong Pagar Reserve","Tanjong Pagar Reserve",1,3
108,"https://www.mafengwo.cn/poi/6030769.html","Singapore Management University","新加坡管理大学","48",NA,"Singapore Management University","Singapore Management University",0,3
109,"https://www.mafengwo.cn/poi/11038.html","Images of Singapore","新加坡万象馆","20",NA,"Images of Singapore","Vientiane Museum",0,3
110,"https://www.mafengwo.cn/poi/6027880.html","The Church Of Our Lady Of Lourdes","露德圣母教堂","10",NA,"The Church Of Our Lady Of Lourdes","Church of Our Lady of Lourdes",0,3
111,"https://www.mafengwo.cn/poi/6027832.html","Pasir Ris Park","巴西立公园","15",NA,"Pasir Ris Park","Pasir Ris Park",0,3
112,"https://www.mafengwo.cn/poi/5538178.html","Tiger Sky Tower","老虎天空塔","14",NA,"Tiger Sky Tower","Tiger Sky Tower",0,3
113,"https://www.mafengwo.cn/poi/8464022.html","Elgin Bridge","爱琴桥","23",NA,"Elgin Bridge","Aegean Bridge",0,3
114,"https://www.mafengwo.cn/poi/5541973.html","St Joseph's Church","圣约翰教堂","17",NA,"St Joseph's Church","St. John&#39;s Church",0,3
115,"https://www.mafengwo.cn/poi/34061588.html","Puss In Boots Giant Journey","鞋猫剑客历险记","32",NA,"Puss In Boots Giant Journey","Shoe Cat Swordsman Adventures",0,3
116,"https://www.mafengwo.cn/poi/5424270.html","School of the Arts Sinagpore","新加坡艺术学院","13",NA,"School of the Arts Sinagpore","Singapore Academy of Arts",0,3
117,"https://www.mafengwo.cn/poi/186206.html","Haw Par Villa","虎豹别墅","18",NA,"Haw Par Villa","Haw Par Villa",0,3
118,"https://www.mafengwo.cn/poi/11123.html","Sri Srinivasa Perumal Temple","里尼维沙伯鲁玛兴都庙","16",NA,"Sri Srinivasa Perumal Temple","Rinvesha Buruma Hindu Temple",0,3
119,"https://www.mafengwo.cn/poi/5543825.html","Boat Quay","驳船码头","37",NA,"Boat Quay","Boat Quay",0,3
120,"https://www.mafengwo.cn/poi/6017968.html","Kent Ridge Park","肯特岗公园","10",NA,"Kent Ridge Park","Kent Ridge Park",0,3
121,"https://www.mafengwo.cn/poi/5542950.html","The Float @ Marina Bay","滨海湾浮动舞台","10",NA,"The Float @ Marina Bay","Marina Bay Floating Stage",0,3
122,"https://www.mafengwo.cn/poi/5422963.html","Malay Village","马来文化村","11",NA,"Malay Village","Malay Cultural Village",0,3
123,"https://www.mafengwo.cn/poi/28805438.html",NA,NA,NA,NA,"NA","NA",1,3
124,"https://www.mafengwo.cn/poi/11054.html","Hort Park","园艺园林","10",NA,"Hort Park","Horticulture",0,3
125,"https://www.mafengwo.cn/poi/6018025.html","Raffles Landing Site","莱佛士登陆遗址","35",NA,"Raffles Landing Site","Raffles Landing Site",0,3
126,"https://www.mafengwo.cn/poi/10972.html","Sentosa Wax Museum","圣淘沙蜡像馆","15",NA,"Sentosa Wax Museum","Sentosa Wax Museum",0,3
127,"https://www.mafengwo.cn/poi/5422530.html","Club Street","客纳街","11",NA,"Club Street","Kena Street",0,3
128,"https://www.mafengwo.cn/poi/11060.html","Sun Yat Sen Nanyang Memorial Hal","晚晴园/孙中山故居","10",NA,"Sun Yat Sen Nanyang Memorial Hal","Evening Garden / Former Residence of Sun Yat-sen",0,3
129,"https://www.mafengwo.cn/poi/34171964.html",NA,"The Hive NTU","7",1,"The Hive NTU","The Hive NTU",0,3
130,"https://www.mafengwo.cn/poi/7646193.html","Bollywood Veggies","宝莱坞蔬菜农场","4",NA,"Bollywood Veggies","Bollywood Vegetable Farm",0,3
131,"https://www.mafengwo.cn/poi/7644799.html",NA,"新加坡国大博物馆","8",NA,"National University of Singapore","National University of Singapore",1,3
132,"https://www.mafengwo.cn/poi/6024797.html","Imbiah","英比奥山风景区","18",NA,"Imbiah","Mount Imbio Scenic Area",0,3
133,"https://www.mafengwo.cn/poi/29277942.html","Parliament of Singapore","新加坡国会大厦","6",NA,"Parliament of Singapore","Parliament building",0,3
134,"https://www.mafengwo.cn/poi/10930.html","West Coast Park","西海岸公园","14",NA,"West Coast Park","West coast park",0,3
135,"https://www.mafengwo.cn/poi/6027836.html","Bishan Park","碧山公园","13",NA,"Bishan Park","Bishan Park",0,3
136,"https://www.mafengwo.cn/poi/6027870.html","Saint John's Island","圣约翰岛","9",NA,"Saint John's Island","Saint john i.",0,3
137,"https://www.mafengwo.cn/poi/15476079.html","Changi Beach Park","樟宜海滨公园","2",NA,"Changi Beach Park","Changi Waterfront Park",0,3
138,"https://www.mafengwo.cn/poi/5540039.html","Sri Vadapathira Kaliamman Temple","维达帕提雅卡雅曼兴都庙","15",NA,"Sri Vadapathira Kaliamman Temple","Vidapati Kayaman Hindu Temple",0,3
139,"https://www.mafengwo.cn/poi/10917.html","Farrer Park","花拉公园","8",NA,"Farrer Park","Farrer Park",0,3
140,"https://www.mafengwo.cn/poi/6027872.html","Kusu Island","龟屿岛","6",NA,"Kusu Island","Guiyu Island",0,3
141,"https://www.mafengwo.cn/poi/6017967.html","Telak Blangah Hill Park","直落布兰雅山公园","4",NA,"Telak Blangah Hill Park","Telok Blangah Hill Park",0,3
142,"https://www.mafengwo.cn/poi/6034072.html",NA,"土生华人坊","2",NA,"Peranakan Chinese Square","Peranakan Chinese Square",1,3
143,"https://www.mafengwo.cn/poi/33182952.html","Emerald Hill","翡翠山","4",NA,"Emerald Hill","Emerald Mountain",0,3
144,"https://www.mafengwo.cn/poi/5544824.html","Labrador Nature Reserve","拉柏多自然保护区","6",NA,"Labrador Nature Reserve","Labrador Nature Reserve",0,3
145,"https://www.mafengwo.cn/poi/34101816.html","Singapore University of Technology and Design","新加坡科技设计大学","4",NA,"Singapore University of Technology and Design","Singapore University of Technology and Design",0,3
146,"https://www.mafengwo.cn/poi/33181912.html","The Intan","娘惹博物馆","1",NA,"The Intan","Nyonya Museum",0,3
147,"https://www.mafengwo.cn/poi/5541968.html","Cathedral of the Good Shepherd","善牧主教座堂","6",NA,"Cathedral of the Good Shepherd","Cathedral of the Good Shepherd",0,3
148,"https://www.mafengwo.cn/poi/66466304.html","Rainforest Lumina","幻光雨林之夜","1",NA,"Rainforest Lumina","Phantom Rainforest Night",0,3
149,"https://www.mafengwo.cn/poi/5544971.html","Sembawang Park","三巴旺公园","5",NA,"Sembawang Park","Sembawang Park",0,3
150,"https://www.mafengwo.cn/poi/7646674.html","The NEWater Visitor Centre","新生水展览馆","7",NA,"The NEWater Visitor Centre","Xinsheng Water Exhibition Hall",0,3
151,"https://www.mafengwo.cn/poi/6033983.html","Central Catchment Nature Reserve","中央集水区自然保护区","3",NA,"Central Catchment Nature Reserve","Central Watershed Nature Reserve",0,3
152,"https://www.mafengwo.cn/poi/7433562.html",NA,"Dempsey Hill","8",NA,"Dempsey Hill","Dempsey Hill",1,3
153,"https://www.mafengwo.cn/poi/11082.html","Bukit Batok Nature Park","武吉巴督自然公园","5",NA,"Bukit Batok Nature Park","Bukit Batok Nature Park",0,3
154,"https://www.mafengwo.cn/poi/33182896.html","Central Fire Station","中央消防局","4",NA,"Central Fire Station","Central Fire Station",0,3
155,"https://www.mafengwo.cn/poi/34809568.html","SBG Heritage Museum","新加坡植物园遗产博物馆","1",NA,"SBG Heritage Museum","Singapore Botanic Garden Heritage Museum",0,3
156,"https://www.mafengwo.cn/poi/34939400.html",NA,"仙人掌花园","3",NA,"Cactus garden","Cactus garden",1,3
157,"https://www.mafengwo.cn/poi/59099464.html","Palawan Pirate Ship","Palawan Pirate Ship - 停业","3",NA,"Palawan Pirate Ship","Palawan Pirate Ship-closed",0,3
158,"https://www.mafengwo.cn/poi/6028784.html","Marina Bay City Gallery","滨海湾城市规划展览馆","3",NA,"Marina Bay City Gallery","Marina Bay Urban Planning Exhibition Hall",0,3
159,"https://www.mafengwo.cn/poi/7646180.html","Fire Flies Health Farm","萤火虫健康蔬菜农场","2",NA,"Fire Flies Health Farm","Firefly Healthy Vegetable Farm",0,3
160,"https://www.mafengwo.cn/poi/7864552.html","Chek Jawa Wetlands","仄爪哇湿地","8",NA,"Chek Jawa Wetlands","仄 Java Wetland",0,3
161,"https://www.mafengwo.cn/poi/6027857.html","Nanyang Academy of Fine Arts","南洋艺术学院","7",NA,"Nanyang Academy of Fine Arts","Nanyang Academy of Arts",0,3
162,"https://www.mafengwo.cn/poi/50229796.html","Waterfront Promenade","滨海步道","4",NA,"Waterfront Promenade","Coastal walk",0,3
163,"https://www.mafengwo.cn/poi/50229792.html",NA,"Joo Chiat/Katong","1",1,"Joo Chiat/Katong","Joo Chiat / Katong",0,3
164,"https://www.mafengwo.cn/poi/10939.html","Kong Meng San Phor Kark See Temple","光明山普觉寺","4",NA,"Kong Meng San Phor Kark See Temple","Guangmingshan Pujue Temple",0,3
165,"https://www.mafengwo.cn/poi/52978332.html","National Stadium","新加坡国家体育场","4",NA,"National Stadium","Singapore National Stadium",0,3
166,"https://www.mafengwo.cn/poi/9421533.html","Urban Redevelopment Authority","新加坡市区重建局","2",NA,"Urban Redevelopment Authority","Singapore Urban Renewal Authority",0,3
167,"https://www.mafengwo.cn/poi/50228776.html","Mustafa Centre","慕达发购物中心","2",NA,"Mustafa Centre","Mustafa Shopping Centre",0,3
168,"https://www.mafengwo.cn/poi/186022.html","Air Force Museum","空军博物馆","6",NA,"Air Force Museum","Air Force Museum",0,3
169,"https://www.mafengwo.cn/poi/5536079.html","Punggol Park","榜鹅水道公园","5",NA,"Punggol Park","Punggol Waterway Park",0,3
170,"https://www.mafengwo.cn/poi/33182956.html",NA,"Maxwell Food Centre","1",1,"Maxwell Food Centre","Maxwell food centre",0,3
171,"https://www.mafengwo.cn/poi/50229120.html",NA,"OCBC Skyway","1",1,"OCBC Skyway","OCBC Skyway",0,3
172,"https://www.mafengwo.cn/poi/74039520.html","Palawan Island","巴拉湾岛","1",NA,"Palawan Island","Balawan i.",0,3
173,"https://www.mafengwo.cn/poi/33181856.html","The Arts House","旧国会大厦艺术之家","3",NA,"The Arts House","Old Capitol Art House",0,3
174,"https://www.mafengwo.cn/poi/74039452.html","Japanese Garden","星和园","1",NA,"Japanese Garden","Xingheyuan",0,3
175,"https://www.mafengwo.cn/poi/34031504.html","Ray Bay","魟鱼湾","2",NA,"Ray Bay","Sturgeon Bay",0,3
176,"https://www.mafengwo.cn/poi/6042301.html","Dalhousie Obelisk","达豪施纪念碑","7",NA,"Dalhousie Obelisk","Dachau Monument",0,3
177,"https://www.mafengwo.cn/poi/9431159.html","Loyang Tua Pek Kong Temple","洛阳大伯公宫","2",NA,"Loyang Tua Pek Kong Temple","Dayanggong Palace in Luoyang",0,3
178,"https://www.mafengwo.cn/poi/38277336.html","School of Art Design and Media","艺术、设计与媒体学院","3",NA,"School of Art Design and Media","School of Art, Design and Media",0,3
179,"https://www.mafengwo.cn/poi/33181796.html",NA,"NUS Museum","1",NA,"NUS Museum","NUS Museum",1,3
180,"https://www.mafengwo.cn/poi/186321.html","Church of Saints Peter and Paul","圣伯多禄圣保禄教堂","6",NA,"Church of Saints Peter and Paul","St. Peter&#39;s Church",0,3
181,"https://www.mafengwo.cn/poi/33750760.html",NA,"spectra","2",1,"spectra","spectra",0,3
182,"https://www.mafengwo.cn/poi/20881.html","Kranji War Memorial","克兰芝阵亡战士纪念碑","5",NA,"Kranji War Memorial","Kranji Memorial",0,3
183,"https://www.mafengwo.cn/poi/7645561.html","People of the River","河的子民","4",NA,"People of the River","People of the river",0,3
184,"https://www.mafengwo.cn/poi/71462708.html","Ministry of Communications & Information (MCI)","通讯及新闻部","4",NA,"Ministry of Communications & Information (MCI)","Communications and information department",0,3
185,"https://www.mafengwo.cn/poi/50229604.html","Singapore Mass Rapid Transit","新加坡大众捷运系统","2",NA,"Singapore Mass Rapid Transit","Singapore Mass Rapid Transit System",0,3
186,"https://www.mafengwo.cn/poi/66451760.html",NA,"Rainforest Kidzworld","1",1,"Rainforest Kidzworld","Rainforest Kidzworld",0,3
187,"https://www.mafengwo.cn/poi/72433248.html",NA,"莱佛士城购物中心","1",NA,"Raffles City Shopping Centre","Raffles City Shopping Centre",1,3
188,"https://www.mafengwo.cn/poi/50002840.html",NA,"SAM at 8Q","1",1,"SAM at 8Q","SAM at 8Q",0,3
189,"https://www.mafengwo.cn/poi/50226936.html",NA,"Golden Mile Complex","1",1,"Golden Mile Complex","Golden Mile Complex",0,3
190,"https://www.mafengwo.cn/poi/5422939.html","Sago Street","硕莪街","6",NA,"Sago Street","Shuoge Street",0,3
191,"https://www.mafengwo.cn/poi/33182928.html","NUS Baba House","峇峇住宅","1",NA,"NUS Baba House","峇 峇 Residence",0,3
192,"https://www.mafengwo.cn/poi/33181860.html",NA,"KidsSTOP™","1",NA,"KidsSTOP ™","KidsSTOP ™",1,3
193,"https://www.mafengwo.cn/poi/50228248.html","Central Business District","中央商业区","1",NA,"Central Business District","Central Business District",0,3
194,"https://www.mafengwo.cn/poi/34052924.html",NA,"Beach Station","1",1,"Beach Station","Beach station",0,3
195,"https://www.mafengwo.cn/poi/34075592.html",NA,"太阳花园","1",NA,"Sun garden","Sun garden",1,3
196,"https://www.mafengwo.cn/poi/11080.html","Changi Prison Chapel and Museum","樟宜监狱博物馆","4",NA,"Changi Prison Chapel and Museum","Changi Prison Museum",0,3
197,"https://www.mafengwo.cn/poi/33181800.html",NA,"The Cat Museum","1",1,"The Cat Museum","The Cat Museum",0,3
198,"https://www.mafengwo.cn/poi/5538280.html","Lian Shan Shuang Lin Temple","莲山双林寺","2",NA,"Lian Shan Shuang Lin Temple","Lianshan Shuanglin Temple",0,3
199,"https://www.mafengwo.cn/poi/33182800.html",NA,"Esplanade Bridge","2",1,"Esplanade Bridge","Esplanade Bridge",0,3
200,"https://www.mafengwo.cn/poi/33183116.html",NA,"ZhongShan Park","1",1,"ZhongShan Park","ZhongShan Park",0,3
201,"https://www.mafengwo.cn/poi/50228396.html","Vivo City","怡丰城","2",NA,"Vivo City","VivoCity",0,3
202,"https://www.mafengwo.cn/poi/6034081.html","Tiong Bahru Qui Tian Gong Temple","天公庙","3",NA,"Tiong Bahru Qui Tian Gong Temple","Tiangong Temple",0,3
203,"https://www.mafengwo.cn/poi/6017977.html",NA,"日本人墓地公园","3",NA,"Japanese Cemetery Park","Japanese Cemetery Park",1,3
204,"https://www.mafengwo.cn/poi/33182772.html","Padang","政府大厦大草场","1",NA,"Padang","Government Building Large Pasture",0,3
205,"https://www.mafengwo.cn/poi/11009.html",NA,"长老会恩泽堂","4",NA,"Presbyterian Church","Presbyterian Church",1,3
206,"https://www.mafengwo.cn/poi/11044.html","Singapore Discovery Centre","新加坡知新馆","7",NA,"Singapore Discovery Centre","Singapore Knowledge Center",0,3
207,"https://www.mafengwo.cn/poi/34197524.html","Art from the streets","街头艺术","1",NA,"Art from the streets","Street art",0,3
208,"https://www.mafengwo.cn/poi/33182876.html","Geylang Serai New Market","芽笼士乃市场","0",NA,"Geylang Serai New Market","Geylang Serai Market",0,3
209,"https://www.mafengwo.cn/poi/71469396.html","Republic Polytechnic","共和理工学院","1",NA,"Republic Polytechnic","Republican Institute of Technology",0,3
210,"https://www.mafengwo.cn/poi/6034058.html","Hajjah Fatimah Mosque","哈查花蒂玛回教堂","4",NA,"Hajjah Fatimah Mosque","Hacha Fatima mosque",0,3
211,"https://www.mafengwo.cn/poi/6034004.html","Punggol Beach","榜鹅海滩","2",NA,"Punggol Beach","Punggol Beach",0,3
212,"https://www.mafengwo.cn/poi/78160244.html","Crane Dance at Resort World Sentosa
","圣淘沙仙鹤芭蕾表演","1",NA,"Crane Dance at Resort World Sentosa
","Sentosa Crane Ballet Performance",0,3
213,"https://www.mafengwo.cn/poi/50228976.html","The Sentosa Express","圣淘沙特快","1",NA,"The Sentosa Express","Sentosa Express",0,3
214,"https://www.mafengwo.cn/poi/7734397.html","Singapore Poon Yue Association","新加坡番禺会馆","3",NA,"Singapore Poon Yue Association","Singapore Panyu Club",0,3
215,"https://www.mafengwo.cn/poi/33182864.html","Chinese Heritage Centre","华裔馆","1",NA,"Chinese Heritage Centre","Chinese Pavilion",0,3
216,"https://www.mafengwo.cn/poi/5422957.html","Sri Krishnan Temple","克里斯南兴都庙","6",NA,"Sri Krishnan Temple","Chris Nan Hindu Temple",0,3
217,"https://www.mafengwo.cn/poi/33182528.html","Thong Chai Medical Institution","同济医院","1",NA,"Thong Chai Medical Institution","Tongji Hospital",0,3
218,"https://www.mafengwo.cn/poi/50226296.html","Zhujiao Centre (Tekka Market)","竹脚市场","2",NA,"Zhujiao Centre (Tekka Market)","Bamboo Foot Market",0,3
219,"https://www.mafengwo.cn/poi/11007.html","Methodist Church","卫理会教堂","3",NA,"Methodist Church","Methodist Church",0,3
220,"https://www.mafengwo.cn/poi/50229088.html","Singapore Food Festival","新加坡美食节","2",NA,"Singapore Food Festival","Singapore Food Festival",0,3
221,"https://www.mafengwo.cn/poi/33178772.html",NA,"Resorts World Theater","1",1,"Resorts World Theater","Resorts World Theater",0,3
222,"https://www.mafengwo.cn/poi/9257844.html","Temple of 1,000 Lights (Sakya Muni Buddha Gaya)","千灯寺","2",NA,"Temple of 1,000 Lights (Sakya Muni Buddha Gaya)","Qiandeng Temple",0,3
223,"https://www.mafengwo.cn/poi/6034067.html","Nagore Durgha Shrine","纳哥德卡殿","5",NA,"Nagore Durgha Shrine","Nagodka",0,3
224,"https://www.mafengwo.cn/poi/71470148.html",NA,"Alexandra Technopark","1",1,"Alexandra Technopark","Alexandra Technopark",0,3
225,"https://www.mafengwo.cn/poi/33182700.html","Chettiar Temple","雀替尔印度寺庙","1",NA,"Chettiar Temple","Chettiar Hindu Temple",0,3
226,"https://www.mafengwo.cn/poi/52977660.html","Lim Bo Seng Memorial","林谋盛纪念塔","1",NA,"Lim Bo Seng Memorial","Lin Mousheng Memorial Tower",0,3
227,"https://www.mafengwo.cn/poi/50226804.html",NA,"SSFW (Spring Summer Fall Winter)","1",1,"SSFW (Spring Summer Fall Winter)","SSFW (Spring Summer Fall Winter)",0,3
228,"https://www.mafengwo.cn/poi/33181884.html","Lee Kong Chian Natural History Museum","李光前自然历史博物馆","1",NA,"Lee Kong Chian Natural History Museum","Li Guangqian Natural History Museum",0,3
229,"https://www.mafengwo.cn/poi/33182436.html",NA,"Golden Mile Tower","1",1,"Golden Mile Tower","Golden Mile Tower",0,3
230,"https://www.mafengwo.cn/poi/33182812.html",NA,"MCI and MCCY Building","1",1,"MCI and MCCY Building","MCI and MCCY Building",0,3
231,"https://www.mafengwo.cn/poi/6659697.html","Ngee Ann Polytechnic","新加坡义安理工学院","5",NA,"Ngee Ann Polytechnic","Ngee Ann Polytechnic",0,3
232,"https://www.mafengwo.cn/poi/33182720.html","Cenotaph","陣亡紀念碑","1",NA,"Cenotaph","Memorial to the Fallen",0,3
233,"https://www.mafengwo.cn/poi/71648664.html",NA,"Duo residences","1",1,"Duo residences","Duo residences",0,3
234,"https://www.mafengwo.cn/poi/71470180.html",NA,"Keppel Bay","1",1,"Keppel Bay","Keppel Bay",0,3
235,"https://www.mafengwo.cn/poi/6027772.html","Parkview Square","园景广场","3",NA,"Parkview Square","Garden View Plaza",0,3
236,"https://www.mafengwo.cn/poi/5422967.html","Masjid Al-Abrar","阿尔阿布拉回教堂","3",NA,"Masjid Al-Abrar","Al abra mosque",0,3
237,"https://www.mafengwo.cn/poi/33181808.html",NA,"Parkview Museum","1",1,"Parkview Museum","Parkview museum",0,3
238,"https://www.mafengwo.cn/poi/9259581.html","Leong San See Temple","龙山寺","2",NA,"Leong San See Temple","Longshan Temple",0,3
239,"https://www.mafengwo.cn/poi/33182428.html",NA,"Tan Kim Seng Fountain","1",1,"Tan Kim Seng Fountain","Tan Kim Seng Fountain",0,3
240,"https://www.mafengwo.cn/poi/33183212.html",NA,"Bedok Reservoir Park","1",1,"Bedok Reservoir Park","Bedok Reservoir Park",0,3
241,"https://www.mafengwo.cn/poi/33181836.html",NA,"National Design Centre","2",1,"National Design Centre","National Design Centre",0,3
242,"https://www.mafengwo.cn/poi/71648652.html",NA,"The Interlace Condo","1",1,"The Interlace Condo","The Interlace Condo",0,3
243,"https://www.mafengwo.cn/poi/10999.html",NA,"老钟楼","1",NA,"Old clock tower","Old clock tower",1,3
244,"https://www.mafengwo.cn/poi/6033973.html","Changi Naval Base","樟宜海军基地","1",NA,"Changi Naval Base","Changi Naval Base",0,3
245,"https://www.mafengwo.cn/poi/33181908.html","The Changi Museum","樟宜礼拜堂与博物馆","1",NA,"The Changi Museum","Changi Chapel and Museum",0,3
246,"https://www.mafengwo.cn/poi/6027838.html","Lower Peirce Reservoir Park","贝雅士蓄水池下段","1",NA,"Lower Peirce Reservoir Park","Lower section of Bayes Reservoir",0,3
247,"https://www.mafengwo.cn/poi/33182840.html","Telok Ayer Street","直落亚逸街","1",NA,"Telok Ayer Street","Telok Ayer Street",0,3
248,"https://www.mafengwo.cn/poi/33182832.html",NA,"Gillman Barracks","1",1,"Gillman Barracks","Gillman Barracks",0,3
0,"https://www.mafengwo.cn/poi/185902.html","Singapore Coins And Notes Museum","新加坡钱币博物馆","5",NA,"Singapore Coins And Notes Museum","Singapore Coin Museum",0,3
1,"https://www.mafengwo.cn/poi/77345064.html",NA,"樟宜时空体验馆","0",NA,"Changi Space Time Museum","Changi Space Time Museum",1,3
2,"https://www.mafengwo.cn/poi/5541119.html","Malabar Muslim Jama-Ath","马拉巴清真寺","1",NA,"Malabar Muslim Jama-Ath","Maraba Mosque",0,3
3,"https://www.mafengwo.cn/poi/6033960.html",NA,"Rochester Park","1",1,"Rochester Park","Rochester park",0,3
4,"https://www.mafengwo.cn/poi/6042315.html","Hwa Chong Institution","新加坡华侨中学","1",NA,"Hwa Chong Institution","Singapore Overseas Chinese Middle School",0,3
5,"https://www.mafengwo.cn/poi/6033981.html","Foo Hai Ch‘an Monastery","福海禅寺","1",NA,"Foo Hai Ch‘an Monastery","Fuhai Temple",0,3
6,"https://www.mafengwo.cn/poi/72433232.html",NA,"River Safari - Reservoir Cruise","1",1,"River Safari - Reservoir Cruise","River Safari-Reservoir Cruise",0,3
7,"https://www.mafengwo.cn/poi/7646172.html","Sisters' Islands","姐妹岛","1",NA,"Sisters' Islands","Sister island",0,3
8,"https://www.mafengwo.cn/poi/6042068.html","Pandan Reservoir","班丹蓄水池","2",NA,"Pandan Reservoir","Pandan cistern",0,3
9,"https://www.mafengwo.cn/poi/33183188.html",NA,"Upper Seletar Reservoir","1",1,"Upper Seletar Reservoir","Upper Seletar Reservoir",0,3
10,"https://www.mafengwo.cn/poi/20884.html","National Archives of Singapore","国家档案馆","3",NA,"National Archives of Singapore","National Archives",0,3
11,"https://www.mafengwo.cn/poi/10919.html","Sakya Muni Buddha Gaya Temple","释迦牟尼菩提迦耶寺","2",NA,"Sakya Muni Buddha Gaya Temple","Shakyamuni Bodh Gaya Temple",0,3
12,"https://www.mafengwo.cn/poi/7644866.html","Tan Swie Hian Museum","陈瑞献艺术馆","1",NA,"Tan Swie Hian Museum","Chen Ruixian Art Museum",0,3
13,"https://www.mafengwo.cn/poi/34436132.html","Singapore indoor stadium","新加坡室内体育场","0",NA,"Singapore indoor stadium","Singapore Indoor Stadium",0,3
14,"https://www.mafengwo.cn/poi/71641360.html",NA,"Sunflower Garden","0",1,"Sunflower Garden","Sunflower Garden",0,3
15,"https://www.mafengwo.cn/poi/186184.html",NA,"Red Dot Traffic","1",1,"Red Dot Traffic","Red Dot Traffic",0,3
16,"https://www.mafengwo.cn/poi/33179632.html",NA,"The Ritz-Carlton Spa","0",1,"The Ritz-Carlton Spa","The Ritz-Carlton Spa",0,3
17,"https://www.mafengwo.cn/poi/9421361.html","Kandahar Street","干达哈街","1",NA,"Kandahar Street","Gandahar Street",0,3
18,"https://www.mafengwo.cn/poi/74630440.html",NA,"坤成路","0",NA,"Kuncheng Lu","Kuncheng Lu",1,3
19,"https://www.mafengwo.cn/poi/6034053.html","Maghain Aboth Synagogue","马海阿布犹太教堂","1",NA,"Maghain Aboth Synagogue","Maha Abu Synagogue",0,3
20,"https://www.mafengwo.cn/poi/6042120.html","Wu Tai Shan Buddhist Temple","五台山佛公寺","1",NA,"Wu Tai Shan Buddhist Temple","Wutai Mountain Buddha Temple",0,3
21,"https://www.mafengwo.cn/poi/7645361.html",NA,"政府组屋展廊","0",NA,"Government HDB Gallery","Government HDB Gallery",1,3
22,"https://www.mafengwo.cn/poi/50229360.html","F1 - Singapore Grand Prix","世界一级方程式锦标赛新加坡大奖赛","0",NA,"F1 - Singapore Grand Prix","Formula One World Championship Singapore Grand Prix",0,3
23,"https://www.mafengwo.cn/poi/6042152.html","The Bible Society Of Singapore","新加坡圣经公会","0",NA,"The Bible Society Of Singapore","Singapore Bible Society",0,3
24,"https://www.mafengwo.cn/poi/33178716.html","Singapore Visitor Centre","新加坡乌节路游客中心","0",NA,"Singapore Visitor Centre","Orchard Road Visitor Centre, Singapore",0,3
25,"https://www.mafengwo.cn/poi/50228816.html",NA,"Ngee Ann City","0",1,"Ngee Ann City","Ngee Ann City",0,3
26,"https://www.mafengwo.cn/poi/33182524.html",NA,"Fort Canning Lighthouse","0",1,"Fort Canning Lighthouse","Fort canning lighthouse",0,3
27,"https://www.mafengwo.cn/poi/7646189.html",NA,"Nyee Phoe Flower Garden","0",1,"Nyee Phoe Flower Garden","Nyee Phoe Flower Garden",0,3
28,"https://www.mafengwo.cn/poi/50229468.html","River Hongbao","春到河畔迎新春系列活动","0",NA,"River Hongbao","Spring to Riverside New Year Activities",0,3
29,"https://www.mafengwo.cn/poi/7646131.html","Pulau Hantu","韩都岛","0",NA,"Pulau Hantu","Handu Island",0,3
30,"https://www.mafengwo.cn/poi/33183252.html",NA,"Chinese and Japanese Gardens","0",1,"Chinese and Japanese Gardens","Chinese and Japanese Gardens",0,3
31,"https://www.mafengwo.cn/poi/34075588.html",NA,"文化博物馆","0",NA,"Cultural museum","Cultural museum",1,3
32,"https://www.mafengwo.cn/poi/7646154.html","Kranji Countryside","克兰芝乡村","0",NA,"Kranji Countryside","Kranji Country",0,3
33,"https://www.mafengwo.cn/poi/33181916.html","Battlebox","新加坡碉堡博物馆","0",NA,"Battlebox","Bunker Museum, Singapore",0,3
34,"https://www.mafengwo.cn/poi/13258180.html","Queen Elizabeth Walk","伊丽沙白大道","0",NA,"Queen Elizabeth Walk","Elizabeth Avenue",0,3
35,"https://www.mafengwo.cn/poi/50226176.html",NA,"Changi Airport Terminal 3","0",1,"Changi Airport Terminal 3","Changi Airport Terminal 3",0,3
36,"https://www.mafengwo.cn/poi/7645620.html","Empress Place Building","皇后坊","0",NA,"Empress Place Building","Queen&#39;s Place",0,3
37,"https://www.mafengwo.cn/poi/7645241.html","Gajah Gallery","Gajah 画廊","0",NA,"Gajah Gallery","Gajah gallery",0,3
38,"https://www.mafengwo.cn/poi/77280260.html",NA,"VivoCity SkyPark","0",1,"VivoCity SkyPark","VivoCity SkyPark",0,3
39,"https://www.mafengwo.cn/poi/50227320.html",NA,"Orchard Central","0",1,"Orchard Central","Orchard Central",0,3
40,"https://www.mafengwo.cn/poi/7645188.html",NA,"亚洲古代工艺美术馆","0",NA,"Asian Museum of Ancient Crafts","Asian Museum of Ancient Crafts",1,3
41,"https://www.mafengwo.cn/poi/50229748.html",NA,"The Fullerton Monument Tour","0",1,"The Fullerton Monument Tour","The Fullerton Monument Tour",0,3
42,"https://www.mafengwo.cn/poi/7645348.html",NA,"Artmosaic Gallery","0",1,"Artmosaic Gallery","Artmosaic Gallery",0,3
43,"https://www.mafengwo.cn/poi/33183244.html","Changi Beach","樟宜海滩","0",NA,"Changi Beach","Changi Beach",0,3
44,"https://www.mafengwo.cn/poi/33179188.html",NA,"JBS Ayurvedic Healthcare","0",1,"JBS Ayurvedic Healthcare","JBS Ayurvedic Healthcare",0,3
45,"https://www.mafengwo.cn/poi/72434548.html",NA,"Christmas Wonderland at Gardens By The Bay","0",1,"Christmas Wonderland at Gardens By The Bay","Christmas Wonderland at Gardens By The Bay",0,3
46,"https://www.mafengwo.cn/poi/34044748.html","Tiger Brewery Tour","新加坡虎牌啤酒厂之旅","0",NA,"Tiger Brewery Tour","Tiger Brewery Tour of Singapore",0,3
47,"https://www.mafengwo.cn/poi/7645746.html","Eurasian Heritage Centre","欧亚文化遗产中心","0",NA,"Eurasian Heritage Centre","Eurasian Cultural Heritage Centre",0,3
48,"https://www.mafengwo.cn/poi/50228340.html",NA,"Woodlands","0",1,"Woodlands","Woodlands",0,3
49,"https://www.mafengwo.cn/poi/50229496.html",NA,"Marina Bay Singapore Countdown","0",1,"Marina Bay Singapore Countdown","Marina Bay Singapore Countdown",0,3
50,"https://www.mafengwo.cn/poi/50227676.html",NA,"Changi City Point","0",1,"Changi City Point","Changi City Point",0,3
